"","short","long","countrycode","lon","lat","alt"
"1","Abbey Park","Abbey Park parkrun",97,-1.132222,52.645191,56.5490493774414
"2","Aberbeeg","Aberbeeg parkrun",97,-3.144286,51.711165,175.766464233398
"3","Aberdare","Aberdare parkrun",97,-3.460089,51.718796,167.012939453125
"4","Aberdeen","Aberdeen parkrun",97,-2.086256,57.173898,7.10661029815674
"5","Aberystwyth","Aberystwyth parkrun",97,-4.080401,52.414546,6.33727598190308
"6","Abingdon","Abingdon parkrun",97,-1.277429,51.667957,50.7515258789062
"7","Agnew","Agnew parkrun",97,-5.0349,54.908188,1.93580937385559
"8","Albert","Albert parkrun, Middlesbrough",97,-1.231788,54.564972,10.9098949432373
"9","Aldenham","Aldenham parkrun",97,-0.316507,51.647953,103.805709838867
"10","Alderford Lake","Alderford Lake parkrun",97,-2.675436,52.953181,96.0932998657227
"11","Alderley Park","Alderley Park parkrun",97,-2.231854,53.2793,109.932090759277
"12","Alexandra","Alexandra parkrun, Moss Side",97,-2.248827,53.450142,34.4427642822266
"13","Alice Holt","Alice Holt parkrun",97,-0.83814,51.168607,112.749786376953
"14","Ally Pally","Ally Pally parkrun",97,-0.12233,51.595936,49.7661437988281
"15","Alness","Alness parkrun",97,-4.256669,57.694306,17.6889209747314
"16","Alton Water","Alton Water parkrun",97,1.134021,51.974806,27.3213882446289
"17","Alvaston","Alvaston parkrun",97,-1.440173,52.906173,45.6446418762207
"18","Ancholme Valley Way","Ancholme Valley Way parkrun",97,-0.496441,53.553676,3.36685109138489
"19","Andover","Andover parkrun",97,-1.512766,51.221092,68.9314956665039
"20","Antrim","Antrim parkrun",97,-6.238818,54.717078,11.2704515457153
"21","Armagh","Armagh parkrun",97,-6.652951,54.339812,73.7129287719727
"22","Armley","Armley parkrun",97,-1.590893,53.800347,69.6583786010742
"23","Arrow Valley","Arrow Valley parkrun",97,-1.906573,52.29362,74.849250793457
"24","Ashbourne Recreation Ground","Ashbourne Recreation Ground parkrun",97,-1.727477,53.018719,129.151397705078
"25","Ashford","Ashford parkrun",97,0.864218,51.14347,42.7866249084473
"26","Ashington Community Woodland","Ashington Community Woodland parkrun",97,-1.572397,55.190433,37.9829444885254
"27","Ashton Court","Ashton Court parkrun",97,-2.639948,51.443592,45.6426658630371
"28","Auldcathie District","Auldcathie District parkrun",97,-3.477658,55.963327,88.2156143188477
"29","Aviemore","Aviemore parkrun",97,-3.818635,57.205275,218.767929077148
"30","Aylesbury","Aylesbury parkrun",97,-0.838394,51.83162,73.1900939941406
"31","Ayr","Ayr parkrun",97,-4.624316,55.436189,21.595308303833
"32","Babbs Mill","Babbs Mill parkrun",97,-1.746034,52.489833,84.890495300293
"33","Banbury","Banbury parkrun",97,-1.332318,52.068807,92.5437393188477
"34","Bangor","Bangor parkrun, Northern Ireland",97,-5.661693,54.660024,17.9188785552979
"35","Banstead Woods","Banstead Woods parkrun",97,-0.184225,51.307648,154.257888793945
"36","Barclay","Barclay parkrun",97,-0.019442,51.759056,47.9840698242188
"37","Barking","Barking parkrun",97,0.087312,51.545894,6.65036487579346
"38","Barnsley","Barnsley parkrun",97,-1.486115,53.544369,144.631622314453
"39","Barnstaple","Barnstaple parkrun",97,-4.053612,51.072561,4.79367208480835
"40","Barrow","Barrow parkrun",97,-3.218855,54.117706,21.4290332794189
"41","Barry Island","Barry Island parkrun",97,-3.271371,51.390202,14.8669576644897
"42","Bartley Park","Bartley Park parkrun",97,-1.509865,50.914371,10.1347236633301
"43","Basildon","Basildon parkrun",97,0.499615,51.577778,18.2489109039307
"44","Basingstoke","Basingstoke parkrun",97,-1.082035,51.258831,98.1648712158203
"45","Bath Skyline","Bath Skyline parkrun",97,-2.338425,51.364717,161.041213989258
"46","Beacon","Beacon parkrun",97,-1.83863,52.685891,86.65966796875
"47","Beacon Hill Country Park","Beacon Hill Country Park parkrun",97,-1.233675,52.730411,150.201965332031
"48","Beckenham Place","Beckenham Place parkrun",97,-0.01959,51.41853,53.1577911376953
"49","Beckton","Beckton parkrun",97,0.046542,51.51176,2.20115399360657
"50","Bedfont Lakes","Bedfont Lakes parkrun",97,-0.451523,51.440762,15.4813985824585
"51","Bedford","Bedford parkrun",97,-0.459366,52.148125,38.1042518615723
"52","Bedgebury Pinetum","Bedgebury Pinetum parkrun",97,0.450168,51.071871,100.053009033203
"53","Bedworth","Bedworth parkrun",97,-1.47027,52.476054,108.43537902832
"54","Beeston","Beeston parkrun",97,-1.201737,52.913592,26.3044376373291
"55","Belfast Victoria","Belfast Victoria parkrun",97,-5.881573,54.608785,0.229146599769592
"56","Belton House","Belton House parkrun",97,-0.620021,52.942743,50.2586135864258
"57","Belvoir Castle","Belvoir Castle parkrun",97,-0.786835,52.894882,97.6205673217773
"58","Berkeley Green","Berkeley Green parkrun",97,-2.497513,51.690962,11.1084136962891
"59","Bestwood Village","Bestwood Village parkrun",97,-1.171188,53.022132,72.7411880493164
"60","Bethlem Royal Hospital","Bethlem Royal Hospital parkrun",97,-0.029969,51.385332,61.382568359375
"61","Bevendean Down","Bevendean Down parkrun",97,-0.107027,50.844709,87.1980819702148
"62","Beverley Westwood","Beverley Westwood parkrun",97,-0.440675,53.840255,22.5021076202393
"63","Bexley","Bexley parkrun",97,0.113254,51.455132,40.2544059753418
"64","Bicester","Bicester parkrun",97,-1.146866,51.891101,66.8258056640625
"65","Bideford","Bideford parkrun",97,-4.204316,51.024075,2.96802186965942
"66","Billericay","Billericay parkrun",97,0.417446,51.632966,73.4678115844727
"67","Birkenhead","Birkenhead parkrun",97,-3.051658,53.394807,24.5695819854736
"68","Black Park","Black Park parkrun",97,-0.5476,51.540329,63.7093849182129
"69","Blackhill","Blackhill parkrun",97,-1.842366,54.858315,221.839019775391
"70","Blackpool","Blackpool parkrun",97,-3.023114,53.811727,11.9983797073364
"71","Blaise Castle","Blaise Castle parkrun",97,-2.632932,51.505672,53.918571472168
"72","Blandford","Blandford parkrun",97,-2.16627,50.863122,54.0744590759277
"73","Blickling","Blickling parkrun",97,1.221671,52.813653,28.4408073425293
"74","Blyth Links","Blyth Links parkrun",97,-1.499456,55.106922,5.13528060913086
"75","Bognor Regis","Bognor Regis parkrun",97,-0.668305,50.786913,9.0600004196167
"76","Bolberry Down","Bolberry Down parkrun",97,-3.842329,50.23197,117.615219116211
"77","Bolton","Bolton parkrun",97,-2.395615,53.574715,89.5860290527344
"78","Boston","Boston parkrun",97,-0.038556,52.990156,4.59028005599976
"79","Bournemouth","Bournemouth parkrun",97,-1.832732,50.73362,33.6091194152832
"80","Bower Park","Bower Park parkrun",97,-3.331244,54.761523,62.0735244750977
"81","Bowling Park","Bowling Park parkrun",97,-1.739889,53.778303,170.007400512695
"82","Bracknell","Bracknell parkrun",97,-0.776844,51.390248,84.5629119873047
"83","Bradford","Bradford parkrun",97,-1.775102,53.814575,139.566192626953
"84","Bramhall Park","Bramhall parkrun",97,-2.160702,53.374268,66.4326019287109
"85","Bramley","Bramley parkrun",97,-1.633461,53.813432,129.372756958008
"86","Bramshall Road","Bramshall Road parkrun",97,-1.871048,52.895262,83.7306823730469
"87","Brandon Country Park","Brandon Country Park parkrun",97,0.625877,52.436339,41.4552612304688
"88","Braunstone","Braunstone parkrun",97,-1.178681,52.626129,82.3902740478516
"89","Brentwood","Brentwood parkrun",97,0.266879,51.622582,82.8635711669922
"90","Bressay","Bressay parkrun",97,-1.119683,60.158081,8.81336688995361
"91","Brierley Forest","Brierley Forest parkrun",97,-1.295214,53.131155,177.461791992188
"92","Brighouse","Brighouse parkrun",97,-1.778156,53.706086,65.2624130249023
"93","Brighton & Hove","Brighton & Hove parkrun",97,-0.172498,50.84214,39.0625267028809
"94","Brixworth Country","Brixworth Country parkrun",97,-0.895675,52.318576,101.085731506348
"95","Broadwater","Broadwater parkrun",97,-0.598312,51.197911,40.6003341674805
"96","Brockenhurst","Brockenhurst parkrun",97,-1.567457,50.821883,11.7509717941284
"97","Brockwell","Brockwell parkrun, Herne Hill",97,-0.105464,51.452538,25.651517868042
"98","Bromley","Bromley parkrun",97,0.022874,51.386539,53.6738357543945
"99","Brooklands","Brooklands parkrun",97,-0.471408,51.346969,17.1544818878174
"100","Brueton","Brueton parkrun",97,-1.764593,52.406754,120.159950256348
"101","Brundall","Brundall parkrun",97,1.417369,52.624133,9.13429927825928
"102","Bryn Bach","Bryn Bach parkrun",97,-3.269548,51.781621,367.477783203125
"103","Brynaman","Brynaman parkrun",97,-3.869719,51.808402,144.893951416016
"104","Buckingham","Buckingham parkrun",97,-0.984462,51.998987,83.1169662475586
"105","Burgess","Burgess parkrun",97,-0.081024,51.484536,3.25831317901611
"106","Burnage","Burnage parkrun",97,-2.209185,53.407152,34.0151863098145
"107","Burnham and Highbridge","Burnham and Highbridge parkrun",97,-2.990243,51.226679,3.82999324798584
"108","Burnham-on-Crouch","Burnham-on-Crouch parkrun",97,0.810923,51.627409,2.00882005691528
"109","Burnley","Burnley parkrun",97,-2.221555,53.77834,122.855308532715
"110","Bury Field","Bury Field parkrun",97,-0.728725,52.088015,59.2840576171875
"111","Bury St Edmunds","Bury St Edmunds parkrun",97,0.730183,52.224887,53.7616348266602
"112","Bushy Park","Bushy parkrun",97,-0.335791,51.410992,12.8002138137817
"113","California Country","California Country parkrun",97,-0.867647,51.379583,70.2997741699219
"114","Camperdown","Camperdown parkrun, Dundee",97,-3.030896,56.483681,119.658187866211
"115","Cannock Chase","Cannock Chase parkrun",97,-1.99542,52.73744,201.545303344727
"116","Cannon Hill","Cannon Hill parkrun, Birmingham",97,-1.89997,52.452637,116.58065032959
"117","Canons Park","Canons Park parkrun",97,-0.296184,51.612291,71.4789962768555
"118","Canterbury","Canterbury parkrun",97,1.057002,51.299468,64.8041076660156
"119","Cardiff","Cardiff parkrun",97,-3.207107,51.49736,16.4261989593506
"120","Carlisle","Carlisle parkrun",97,-2.963455,54.886025,42.2557983398438
"121","Carlisle Park","Carlisle Park parkrun, Morpeth",97,-1.691159,55.165172,31.516773223877
"122","Carrickfergus","Carrickfergus parkrun",97,-5.805285,54.719992,12.0940990447998
"123","Cassiobury","Cassiobury parkrun",97,-0.406335,51.657677,76.9014587402344
"124","Castle Park","Castle Park parkrun",97,0.164165,51.87167,58.4324111938477
"125","Castlewellan","Castlewellan parkrun",97,-5.95386,54.262147,122.018280029297
"126","Catford","Catford parkrun",97,-0.00863,51.44824,32.6740112304688
"127","Catton","Catton parkrun",97,1.295507,52.656696,24.8166675567627
"128","Central, Plymouth","Central parkrun, Plymouth",97,-4.151031,50.385099,50.1303672790527
"129","Centre Vale","Centre Vale parkrun",97,-2.102438,53.718272,128.495101928711
"130","Chadderton Hall","Chadderton Hall parkrun",97,-2.158552,53.554066,107.197418212891
"131","Chalkwell Beach","Chalkwell Beach parkrun",97,0.676231,51.536925,3.96890997886658
"132","Charlton","Charlton parkrun",97,0.041628,51.480751,44.8472023010254
"133","Chasewater","Chasewater parkrun",97,-1.944407,52.661987,151.705108642578
"134","Cheadle Hulme","Cheadle Hulme parkrun",97,-2.210652,53.379026,64.0789566040039
"135","Chelmsford Central","Chelmsford Central parkrun",97,0.464945,51.732577,25.3592948913574
"136","Cheltenham","Cheltenham parkrun",97,-2.07824,51.911754,53.9765472412109
"137","Chester","Chester parkrun",97,-2.902368,53.207796,9.95663452148438
"138","Chevin Forest","Chevin Forest parkrun",97,-1.665858,53.894133,211.039733886719
"139","Chichester","Chichester parkrun",97,-0.777535,50.846182,27.097146987915
"140","Chilton Fields","Chilton Fields parkrun",97,0.975934,52.197076,51.9642715454102
"141","Chippenham","Chippenham parkrun",97,-2.113119,51.460469,51.0385551452637
"142","Chippenham Playing Fields, Monmouth","Chippenham Playing Fields parkrun, Monmouth",97,-2.718161,51.80783,16.7565498352051
"143","Chipping Norton School","Chipping Norton School parkrun",97,-1.54029,51.93812,221.524826049805
"144","Chipping Sodbury","Chipping Sodbury parkrun",97,-2.397165,51.544366,95.5904998779297
"145","Chopwell Wood","Chopwell Wood parkrun",97,-1.790884,54.922026,175.252243041992
"146","Church Mead","Church Mead parkrun",97,-0.614472,51.667191,94.2846908569336
"147","Cirencester","Cirencester parkrun",97,-1.99109,51.711207,133.338760375977
"148","Citypark","Citypark parkrun, Craigavon",97,-6.386002,54.451093,26.0928363800049
"149","Clacton Seafront","Clacton Seafront parkrun",97,1.142974,51.781574,3.19944524765015
"150","Clair","Clair parkrun",97,-0.100143,51.004322,63.5542831420898
"151","Clapham Common","Clapham Common parkrun",97,-0.151331,51.455873,29.3846340179443
"152","Clare Castle","Clare Castle parkrun",97,0.581882,52.076428,48.2614326477051
"153","Cleethorpes","Cleethorpes parkrun",97,-0.025384,53.541552,2.23891544342041
"154","Clevedon Salthouse Fields","Clevedon Salthouse Fields parkrun",97,-2.866505,51.434573,5.60314655303955
"155","Cliffe Castle","Cliffe Castle parkrun",97,-1.913364,53.874658,135.060256958008
"156","Clifton","Clifton parkrun",97,-1.163033,52.907144,29.2094287872314
"157","Clitheroe Castle","Clitheroe Castle parkrun",97,-2.39478,53.870346,84.4290618896484
"158","Clumber Park","Clumber Park parkrun",97,-1.065717,53.268022,52.0792274475098
"159","Coed Cefn-pwll-du","Coed Cefn-pwll-du parkrun",97,-3.140954,51.591855,89.2777481079102
"160","Colby","Colby parkrun",97,-4.669924,51.74064,41.9197540283203
"161","Colchester Castle","Colchester Castle parkrun",97,0.902724,51.89167,20.1373062133789
"162","Coldhams Common","Coldhams Common parkrun",97,0.158881,52.206705,10.6177368164062
"163","Colin Glen","Colin Glen parkrun",97,-6.020504,54.570723,83.4261016845703
"164","Colney Lane","Colney Lane parkrun",97,1.22519,52.621317,9.60105323791504
"165","Colwick","Colwick parkrun",97,-1.09786,52.945171,22.9558372497559
"166","Comber","Comber parkrun",97,-5.740415,54.549593,4.54973173141479
"167","Concord","Concord parkrun, Sheffield",97,-1.441612,53.424007,137.822525024414
"168","Congleton","Congleton parkrun",97,-2.229795,53.160781,96.9027404785156
"169","Conkers","Conkers parkrun",97,-1.543021,52.739475,96.6347885131836
"170","Conwy","Conwy parkrun",97,-3.808966,53.279388,4.00802898406982
"171","Conyngham Hall","Conyngham Hall parkrun",97,-1.479507,54.011758,46.3240814208984
"172","Corby","Corby parkrun",97,-0.691774,52.493879,115.552589416504
"173","Cosmeston Lakes","Cosmeston Lakes parkrun",97,-3.185615,51.418047,15.7426986694336
"174","Cotsford Fields","Cotsford Fields parkrun",97,-1.30077,54.759499,39.2701263427734
"175","Coventry","Coventry parkrun",97,-1.524026,52.39172,94.599983215332
"176","Cranbrook Country Park","Cranbrook Country Park parkrun",97,-3.417858,50.750746,17.8392963409424
"177","Crane Park","Crane Park parkrun",97,-0.372075,51.441168,17.0632343292236
"178","Cranleigh","Cranleigh parkrun",97,-0.49151,51.13819,56.8060111999512
"179","Crathes Castle","Crathes Castle parkrun",97,-2.440954,57.061178,89.6805267333984
"180","Crawfordsburn Country","Crawfordsburn Country parkrun",97,-5.729434,54.666682,19.9991626739502
"181","Crewe","Crewe parkrun",97,-2.470556,53.097388,50.3140602111816
"182","Crichton","Crichton parkrun",97,-3.594589,55.050773,48.3952217102051
"183","Crosby","Crosby parkrun",97,-3.046711,53.48269,5.50727844238281
"184","Cross Flatts","Cross Flatts parkrun",97,-1.55757,53.775754,79.0934600830078
"185","Croxteth Hall","Croxteth Hall parkrun",97,-2.891774,53.44217,28.5014190673828
"186","Crystal Palace","Crystal Palace parkrun",97,-0.065703,51.419846,67.2417144775391
"187","Cusworth Hall","Cusworth Hall parkrun",97,-1.177617,53.529479,49.4864158630371
"188","Cwmbran","Cwmbran parkrun",97,-3.013498,51.656234,59.1053886413574
"189","Cyclopark","Cyclopark parkrun",97,0.352561,51.419922,44.021915435791
"190","Dalby Forest","Dalby Forest parkrun",97,-0.686599,54.273821,89.0315170288086
"191","Dallas Burston Polo Club","Dallas Burston Polo Club parkrun",97,-1.417387,52.25721,93.8106918334961
"192","Darlington South Park","Darlington South Park parkrun",97,-1.560531,54.51484,43.0644836425781
"193","Dartford","Dartford parkrun",97,0.220166,51.439141,5.6322660446167
"194","Dartford Heath","Dartford Heath parkrun",97,0.189929,51.435932,37.4427146911621
"195","Daventry","Daventry parkrun",97,-1.15732,52.262374,132.172225952148
"196","Dean Castle Country Park","Dean Castle Country Park parkrun",97,-4.482932,55.622901,55.5334129333496
"197","Delamere","Delamere parkrun",97,-2.68796,53.239537,94.9018478393555
"198","Denton Dene","Denton Dene parkrun",97,-1.694872,54.977492,35.4079399108887
"199","Derry City","Derry City parkrun",97,-7.318933,55.006966,3.49488806724548
"200","Derrynoid Forest","Derrynoid Forest parkrun",97,-6.810505,54.802964,105.336265563965
"201","Dewsbury","Dewsbury parkrun",97,-1.646237,53.688239,89.5954360961914
"202","Didcot","Didcot parkrun",97,-1.239,51.612792,51.9828262329102
"203","Dinton Pastures","Dinton Pastures parkrun",97,-0.880056,51.440292,38.5591621398926
"204","Dishley, Loughborough","Dishley parkrun, Loughborough",97,-1.234785,52.787485,36.0324440002441
"205","Doddington Hall","Doddington Hall parkrun",97,-0.650558,53.222149,28.1455459594727
"206","Dolgellau","Dolgellau parkrun",97,-3.886527,52.744574,11.8961038589478
"207","Downham Market Academy","Downham Market Academy parkrun",97,0.389471,52.6034,40.3345375061035
"208","Drumchapel","Drumchapel parkrun",97,-4.350674,55.91688,49.0447158813477
"209","Drumpellier Country","Drumpellier Country parkrun",97,-4.065615,55.871588,81.0967636108398
"210","Druridge Bay","Druridge Bay parkrun",97,-1.572348,55.292765,6.6502103805542
"211","Dudley","Dudley parkrun",97,-2.134568,52.490027,106.464904785156
"212","Dulwich","Dulwich parkrun",97,-0.079206,51.443869,41.3833351135254
"213","Dunfermline","Dunfermline parkrun",97,-3.470694,56.070684,82.5505142211914
"214","Dungannon Park","Dungannon Park parkrun",97,-6.755359,54.489432,71.3033828735352
"215","Dunleath Playing Fields","Dunleath Playing Fields parkrun",97,-5.718077,54.323473,2.36669588088989
"216","Dunstable Downs","Dunstable Downs parkrun",97,-0.537791,51.865432,237.130065917969
"217","Durham","Durham parkrun",97,-1.558852,54.767605,35.4406623840332
"218","Durlston Country Park","Durlston Country Park parkrun",97,-1.954023,50.595211,68.9843063354492
"219","East Brighton","East Brighton parkrun",97,-0.099373,50.818691,41.3758087158203
"220","East Grinstead","East Grinstead parkrun",97,0.001373,51.129008,109.565032958984
"221","East Park","East Park parkrun",97,-2.101975,52.579042,141.15299987793
"222","Eastbourne","Eastbourne parkrun",97,0.290451,50.806248,1.79336643218994
"223","Eastleigh","Eastleigh parkrun",97,-1.374032,50.971433,16.4733600616455
"224","Eastville","Eastville parkrun",97,-2.554304,51.475453,33.7101287841797
"225","Ecos","Ecos parkrun, Ballymena",97,-6.259117,54.867371,46.2091407775879
"226","Eden Project","Eden Project parkrun",97,-4.74285,50.358315,86.2925643920898
"227","Edenbrook Country","Edenbrook Country parkrun",97,-0.867088,51.280199,63.3302917480469
"228","Edgbaston Reservoir","Edgbaston Reservoir parkrun",97,-1.936437,52.476722,152.616729736328
"229","Edinburgh","Edinburgh parkrun",97,-3.291585,55.978806,9.13331413269043
"230","Eglinton","Eglinton parkrun",97,-4.669662,55.643935,13.6199426651001
"231","Elder Park","Elder Park parkrun",97,-4.32197,55.863235,8.42029285430908
"232","Elgin","Elgin parkrun",97,-3.313072,57.653393,17.1540508270264
"233","Ellesmere Port","Ellesmere Port parkrun",97,-2.902542,53.272524,33.7538528442383
"234","Ellon","Ellon parkrun",97,-2.056968,57.359262,15.8522834777832
"235","Endcliffe","Endcliffe parkrun",97,-1.507364,53.368631,114.410697937012
"236","Enniskillen","Enniskillen parkrun",97,-7.642293,54.343834,42.9535522460938
"237","Epworth Equestrian","Epworth Equestrian parkrun",97,-0.87384,53.539368,3.96842837333679
"238","Erddig","Erddig parkrun",97,-3.006833,53.027137,88.1762619018555
"239","Erskine Waterfront","Erskine Waterfront parkrun",97,-4.447774,55.907749,0.138361781835556
"240","Evesham","Evesham parkrun",97,-1.958122,52.090191,23.6573143005371
"241","Exeter Riverside","Exeter Riverside parkrun",97,-3.525833,50.713762,7.71161079406738
"242","Exmouth","Exmouth parkrun",97,-3.412392,50.614697,5.44720697402954
"243","Falkirk","Falkirk parkrun",97,-3.766712,55.99543,41.1902008056641
"244","Falls","Falls parkrun, Belfast",97,-5.978879,54.586363,33.6821517944336
"245","Fareham","Fareham parkrun",97,-1.167385,50.848448,8.80104827880859
"246","Faskally Forest","Faskally Forest parkrun",97,-3.767296,56.7118,116.292655944824
"247","Felixstowe","Felixstowe parkrun",97,1.345741,51.957778,0
"248","Fell Foot","Fell Foot parkrun, Newby Bridge",97,-2.952259,54.274736,52.9973411560059
"249","Ferry Meadows","Ferry Meadows parkrun",97,-0.308132,52.565563,4.7251443862915
"250","Finsbury Park","Finsbury parkrun",97,-0.104145,51.569595,45.3820381164551
"251","Flatts Lane","Flatts Lane parkrun",97,-1.151741,54.543872,89.3337097167969
"252","Fleetwood Promenade","Fleetwood Promenade parkrun",97,-3.016919,53.927366,6.11169719696045
"253","Flegg High","Flegg High parkrun",97,1.640492,52.713022,14.0345325469971
"254","Fletcher Moss","Fletcher Moss parkrun",97,-2.23551,53.40999,30.9390525817871
"255","Folkestone","Folkestone parkrun",97,1.172753,51.075729,39.4611740112305
"256","Foots Cray Meadows","Foots Cray Meadows parkrun",97,0.133269,51.432103,20.1439113616943
"257","Ford","Ford parkrun",97,-3.088135,54.198427,27.6984634399414
"258","Forest Rec","Forest Rec parkrun",97,-1.159766,52.965352,50.9236068725586
"259","Forest of Dean","Forest of Dean parkrun",97,-2.605219,51.808701,232.994140625
"260","Forfar Loch","Forfar Loch parkrun",97,-2.908213,56.642663,55.8721580505371
"261","Fort William","Fort William parkrun",97,-4.999161,56.851484,100.462326049805
"262","Fountains Abbey","Fountains Abbey parkrun",97,-1.581983,54.110196,96.082145690918
"263","Frickley Country","Frickley Country parkrun",97,-1.290457,53.588573,42.9527702331543
"264","Frimley Lodge","Frimley Lodge parkrun",97,-0.724851,51.298622,70.6377334594727
"265","Frogmary Green Farm","Frogmary Green Farm parkrun",97,-2.824426,50.941688,60.5337677001953
"266","Fulbourn Hospital","Fulbourn Hospital parkrun",97,0.186094,52.184131,20.1425189971924
"267","Fulham Palace","Fulham Palace parkrun",97,-0.218493,51.472465,7.94833087921143
"268","Gadebridge","Gadebridge parkrun",97,-0.473542,51.758909,91.532470703125
"269","Ganavan Sands","Ganavan Sands parkrun",97,-5.469021,56.437766,5.59828090667725
"270","Ganger Farm","Ganger Farm parkrun",97,-1.464821,51.009374,46.9747047424316
"271","Garvagh Forest","Garvagh Forest parkrun",97,-6.695537,54.977416,84.5216064453125
"272","Gateshead","Gateshead parkrun",97,-1.602094,54.944733,70.6856002807617
"273","Gedling","Gedling parkrun",97,-1.087124,52.993919,107.16194152832
"274","Girvan Prom","Girvan Prom parkrun",97,-4.862538,55.243994,1.07984220981598
"275","Gladstone","Gladstone parkrun",97,-0.228223,51.556982,41.8235092163086
"276","Glossop","Glossop parkrun",97,-1.939503,53.447019,167.432571411133
"277","Gloucester City","Gloucester City parkrun",97,-2.243129,51.858707,17.1141719818115
"278","Gloucester North","Gloucester North parkrun",97,-2.231707,51.878304,10.2391939163208
"279","Gnoll","Gnoll parkrun",97,-3.788616,51.661114,60.1059875488281
"280","Goole","Goole parkrun",97,-0.891098,53.710492,4.26938104629517
"281","Gorleston Cliffs","Gorleston Cliffs parkrun",97,1.73069,52.567806,11.6774988174438
"282","Grangemoor","Grangemoor parkrun",97,-3.192412,51.454464,9.3457612991333
"283","Graves","Graves parkrun",97,-1.464657,53.338906,221.867553710938
"284","Great Cornard","Great Cornard parkrun",97,0.751362,52.02463,25.7877883911133
"285","Great Denham","Great Denham parkrun",97,-0.509062,52.121602,27.9634113311768
"286","Great Dunmow","Great Dunmow parkrun",97,0.3627,51.878681,62.8377876281738
"287","Great Lines","Great Lines parkrun, Medway",97,0.541334,51.388527,39.5019798278809
"288","Great Notley","Great Notley parkrun",97,0.51584,51.864147,74.0378341674805
"289","Great Salterns","Great Salterns parkrun",97,-1.046606,50.809385,0.891635239124298
"290","Great Yarmouth North Beach","Great Yarmouth North Beach parkrun",97,1.73892,52.613141,3.22149658203125
"291","Greenfield Valley","Greenfield Valley parkrun",97,-3.220992,53.275044,100.719161987305
"292","Greenock","Greenock parkrun",97,-4.767348,55.956525,0
"293","Greenwich","Greenwich parkrun",97,0.075155,51.449459,53.4207534790039
"294","Groe","Groe parkrun",97,-3.403113,52.150418,124.739707946777
"295","Grove Fields","Grove Fields parkrun",97,-1.425256,51.600059,80.4487228393555
"296","Grovelands","Grovelands parkrun, Enfield",97,-0.113769,51.633076,55.7693367004395
"297","Guildford","Guildford parkrun",97,-0.562062,51.247383,45.8767700195312
"298","Gunnersbury","Gunnersbury parkrun",97,-0.292253,51.499405,24.744176864624
"299","Gunpowder","Gunpowder parkrun",97,-0.000831,51.676037,19.3329257965088
"300","Hackney Marshes","Hackney Marshes parkrun",97,-0.025368,51.553686,7.59779119491577
"301","Hackworth","Hackworth parkrun",97,-1.644945,54.628071,124.495185852051
"302","Hadleigh","Hadleigh parkrun, Essex",97,0.59606,51.549769,66.0697555541992
"303","Hafan Pwllheli","Hafan Pwllheli parkrun",97,-4.402811,52.888538,0
"304","Haigh Woodland","Haigh Woodland parkrun",97,-2.609519,53.572714,146.431106567383
"305","Haldon Forest","Haldon Forest parkrun",97,-3.579359,50.653392,247.471649169922
"306","Halifax","Halifax parkrun",97,-1.873871,53.731746,188.268936157227
"307","Hampstead Heath","Hampstead Heath parkrun",97,-0.168185,51.558598,85.1645736694336
"308","Hamsterley Forest","Hamsterley Forest parkrun",97,-1.858786,54.675593,148.892150878906
"309","Hanley","Hanley parkrun",97,-2.175164,53.012501,124.801910400391
"310","Hanworth","Hanworth parkrun",97,-0.398287,51.43874,23.5063495635986
"311","Harcourt Hill","Harcourt Hill parkrun",97,-1.295191,51.739369,122.643714904785
"312","Harleston Magpies","Harleston Magpies parkrun",97,1.295457,52.384367,25.1336688995361
"313","Harlow","Harlow parkrun",97,0.103624,51.77766,55.2822494506836
"314","Harrogate","Harrogate parkrun",97,-1.521435,53.992428,112.394958496094
"315","Harrow","Harrow parkrun",97,-0.342734,51.581781,64.1760711669922
"316","Harrow Lodge","Harrow Lodge parkrun",97,0.200715,51.555606,10.9972620010376
"317","Hartlepool","Hartlepool parkrun",97,-1.195128,54.686937,0.0223548393696547
"318","Harwich","Harwich parkrun",97,1.284809,51.938035,9.21064281463623
"319","Hastings","Hastings parkrun",97,0.539739,50.850291,3.33225631713867
"320","Hastings High School","Hastings High School parkrun",97,-1.356127,52.53526,127.869270324707
"321","Havant","Havant parkrun",97,-0.975565,50.875771,42.9908256530762
"322","Haverfordwest","Haverfordwest parkrun",97,-4.992836,51.797163,64.7827301025391
"323","Haverhill","Haverhill parkrun",97,0.422212,52.076737,106.295280456543
"324","Hay Lodge","Hay Lodge parkrun",97,-3.199586,55.651659,166.575271606445
"325","Hazelwood","Hazelwood parkrun",97,-0.421045,51.405783,9.68973255157471
"326","Hazlehead","Hazlehead parkrun, Aberdeen",97,-2.175647,57.141371,114.442390441895
"327","Heartlands","Heartlands parkrun",97,-5.2715,50.224177,111.836532592773
"328","Heaton Park","Heaton parkrun",97,-2.256263,53.531975,79.2368927001953
"329","Henley Wood, Oswestry","Henley Wood parkrun, Oswestry",97,-3.030368,52.862542,113.596000671387
"330","Henley-on-Thames","Henley-on-Thames parkrun",97,-0.919288,51.531978,63.0522804260254
"331","Henlow Bridge Lakes","Henlow Bridge Lakes parkrun",97,-0.268787,52.030537,35.431037902832
"332","Henstridge Airfield","Henstridge Airfield parkrun",97,-2.352992,50.985278,52.3444480895996
"333","Hereford","Hereford parkrun",97,-2.724152,52.068892,53.4007263183594
"334","Herrington Country","Herrington Country parkrun",97,-1.476809,54.876573,63.0921401977539
"335","Heslington","Heslington parkrun",97,-1.01799,53.949319,11.6654710769653
"336","Higginson, Marlow","Higginson parkrun, Marlow",97,-0.779573,51.566268,30.4772396087646
"337","Highbury Fields","Highbury Fields parkrun",97,-0.102884,51.546959,37.8248329162598
"338","Highwoods","Highwoods parkrun",97,0.917561,51.904682,36.0291709899902
"339","Hillsborough","Hillsborough parkrun",97,-1.501973,53.408457,70.7819519042969
"340","Hillsborough Forest","Hillsborough Forest parkrun",97,-6.076662,54.461336,115.234909057617
"341","Hilly Fields","Hilly Fields parkrun",97,-0.025019,51.460143,51.0738105773926
"342","Hoblingwell","Hoblingwell parkrun",97,0.098847,51.400981,76.7605438232422
"343","Hockley Woods","Hockley Woods parkrun",97,0.64912,51.596133,51.1720085144043
"344","Hogmoor Inclosure","Hogmoor Inclosure parkrun",97,-0.875934,51.111681,96.0160980224609
"345","Holkham","Holkham parkrun",97,0.801022,52.950159,10.2916078567505
"346","Holy Cross College","Holy Cross College parkrun",97,-7.477408,54.815718,27.0566787719727
"347","Holyrood","Holyrood parkrun",97,-3.162844,55.952167,40.1524047851562
"348","Homewood","Homewood parkrun",97,-0.539078,51.366808,42.4432258605957
"349","Horsham","Horsham parkrun",97,-0.327908,51.06651,41.8642387390137
"350","Horspath","Horspath parkrun",97,-1.188165,51.737281,83.4943237304688
"351","Horton Park","Horton Park parkrun",97,-1.77538,53.782455,172.592346191406
"352","Houghton Hall","Houghton Hall parkrun",97,-0.510046,51.90155,130.807830810547
"353","Hove Promenade","Hove Promenade parkrun",97,-0.166594,50.823391,8.92445087432861
"354","Huddersfield","Huddersfield parkrun",97,-1.800685,53.650608,143.931091308594
"355","Hull","Hull parkrun",97,-0.300708,53.764645,5.1222186088562
"356","Humber Bridge","Humber Bridge parkrun",97,-0.453352,53.71723,12.210620880127
"357","Hunstanton Promenade","Hunstanton Promenade parkrun",97,0.486526,52.941684,6.34284973144531
"358","Huntingdon","Huntingdon parkrun",97,-0.213662,52.330591,13.1231145858765
"359","Hyde","Hyde parkrun",97,-2.076554,53.45713,115.335807800293
"360","Hyndburn","Hyndburn parkrun",97,-2.376734,53.781711,106.241325378418
"361","Ifield Mill Pond","Ifield Mill Pond parkrun",97,-0.218863,51.107508,73.6681442260742
"362","Ipswich","Ipswich parkrun",97,1.116032,52.050923,37.5636177062988
"363","Irchester Country","Irchester Country parkrun",97,-0.673649,52.285076,57.8132019042969
"364","Isabel Trail","Isabel Trail parkrun",97,-2.125953,52.808242,76.9866409301758
"365","Itchen Valley Country","Itchen Valley Country parkrun",97,-1.341722,50.944849,19.0586986541748
"366","Jersey Farm","Jersey Farm parkrun",97,-0.307978,51.773718,109.243614196777
"367","Jesmond Dene","Jesmond Dene parkrun",97,-1.592839,54.99188,38.5745697021484
"368","Jubilee","Jubilee parkrun",97,-1.604602,54.701073,109.899124145508
"369","Kesgrave","Kesgrave parkrun",97,1.257741,52.058138,28.7806816101074
"370","Keswick","Keswick parkrun",97,-3.129497,54.603863,95.3169784545898
"371","Kettering","Kettering parkrun",97,-0.710653,52.384226,77.6952972412109
"372","Kew Woods","Kew Woods parkrun",97,-2.995064,53.629073,4.21494770050049
"373","Killerton","Killerton parkrun",97,-3.455007,50.792835,81.8957748413086
"374","Kings Lynn","Kings Lynn parkrun",97,0.407446,52.752762,6.16705513000488
"375","King George V Playing Field","King George V Playing Field parkrun, Cheltenham",97,-2.110018,51.901883,56.7852516174316
"376","Kingdom","Kingdom parkrun",97,0.162768,51.162408,100.28141784668
"377","Kingsbury Water","Kingsbury Water parkrun",97,-1.698718,52.561983,67.3162460327148
"378","Kingston","Kingston parkrun",97,-0.309516,51.426567,7.15856981277466
"379","Kingsway","Kingsway parkrun, Gloucester",97,-2.272804,51.821487,23.586519241333
"380","Kirkcaldy","Kirkcaldy parkrun",97,-3.169549,56.104087,27.8703193664551
"381","Kirkwall","Kirkwall parkrun",97,-2.948069,58.982282,34.5364303588867
"382","Knockbracken Reservoir","Knockbracken Reservoir parkrun",97,-5.892928,54.524392,111.999816894531
"383","Knowsley","Knowsley parkrun",97,-2.811654,53.411116,35.7952690124512
"384","Lanark Moor","Lanark Moor parkrun",97,-3.750284,55.666318,211.203323364258
"385","Lancaster","Lancaster parkrun",97,-2.781183,54.04568,106.032768249512
"386","Lancing Beach Green","Lancing Beach Green parkrun",97,-0.323792,50.820591,5.24152803421021
"387","Lands End","Lands End parkrun",97,-5.714096,50.066127,51.5570945739746
"388","Lanhydrock","Lanhydrock parkrun",97,-4.69614,50.441131,101.576324462891
"389","Largs Prom","Largs Prom parkrun",97,-4.873064,55.802062,0
"390","Larne","Larne parkrun",97,-5.843595,54.88843,16.6435508728027
"391","Leamington","Leamington parkrun",97,-1.504655,52.28714,60.8099250793457
"392","Leavesden Country","Leavesden Country parkrun",97,-0.403599,51.704924,104.590621948242
"393","Leazes","Leazes parkrun",97,-1.625633,54.977078,76.5452423095703
"394","Lee-on-the-Solent","Lee-on-the-Solent parkrun",97,-1.20383,50.801087,3.36020565032959
"395","Leicester Victoria","Leicester Victoria parkrun",97,-1.121659,52.620954,87.9148254394531
"396","Letchworth","Letchworth parkrun",97,-0.22279,51.999895,74.3458786010742
"397","Levengrove","Levengrove parkrun",97,-4.57567,55.940721,13.0173721313477
"398","Lews Castle","Lews Castle parkrun",97,-6.396894,58.207899,0
"399","Limavady","Limavady parkrun",97,-6.944777,55.047128,18.9679985046387
"400","Limepark Playing Fields","Limepark Playing Fields parkrun",97,-6.32179,55.123827,94.986198425293
"401","Lincoln","Lincoln parkrun",97,-0.560904,53.208848,9.03251457214355
"402","Linford Wood","Linford Wood parkrun",97,-0.760168,52.05864,101.367408752441
"403","Lingwood","Lingwood parkrun",97,1.493528,52.618901,24.9191360473633
"404","Linwood","Linwood parkrun",97,-4.505078,55.854033,11.8046598434448
"405","Littlehampton Prom","Littlehampton Prom parkrun",97,-0.541939,50.802284,1.62432396411896
"406","Littleport","Littleport parkrun",97,0.299342,52.463048,-0.0367968529462814
"407","Livingston","Livingston parkrun",97,-3.518828,55.886797,102.579162597656
"408","Llanerchaeron","Llanerchaeron parkrun",97,-4.235798,52.220443,38.198314666748
"409","Llanishen Park","Llanishen Park parkrun",97,-3.196302,51.529533,54.9530868530273
"410","Lloyd","Lloyd parkrun, Croydon",97,-0.079973,51.364807,73.4193954467773
"411","Llyn Llech Owain","Llyn Llech Owain parkrun",97,-4.080563,51.812913,240.609069824219
"412","Loch Leven","Loch Leven parkrun",97,-3.358085,56.219434,113.364585876465
"413","Loch Neaton","Loch Neaton parkrun, Watton",97,0.8274,52.577558,42.6818428039551
"414","Lochend Woods","Lochend Woods parkrun",97,-2.521501,55.997214,9.56245422363281
"415","Lochore Meadows","Lochore Meadows parkrun",97,-3.33708,56.150699,95.6179428100586
"416","Long Eaton","Long Eaton parkrun",97,-1.285853,52.895155,33.7486953735352
"417","Longrun Meadow","Longrun Meadow parkrun",97,-3.114989,51.018755,17.0497512817383
"418","Lordship Recreation Ground","Lordship Recreation Ground parkrun",97,-0.086951,51.594341,16.213171005249
"419","Lowestoft","Lowestoft parkrun",97,1.747338,52.468286,3.61928009986877
"420","Ludlow","Ludlow parkrun",97,-2.773078,52.353284,245.827011108398
"421","Lullingstone","Lullingstone parkrun",97,0.187147,51.353118,62.5143699645996
"422","Luton Wardown","Luton Wardown parkrun",97,-0.420917,51.889853,110.090057373047
"423","Lydiard","Lydiard parkrun",97,-1.853621,51.561489,121.715698242188
"424","Lydney","Lydney parkrun",97,-2.52648,51.721613,10.4332094192505
"425","Lyme Park","Lyme Park parkrun",97,-2.058402,53.337193,239.813262939453
"426","Lymington Woodside","Lymington Woodside parkrun",97,-1.54548,50.747747,5.32339477539062
"427","Lytham Hall","Lytham Hall parkrun",97,-2.977613,53.744855,16.4593944549561
"428","MUSA Cookstown","MUSA Cookstown parkrun",97,-6.735656,54.615093,77.9705810546875
"429","Macclesfield","Macclesfield parkrun",97,-2.1303,53.251413,153.929763793945
"430","Maesteg","Maesteg parkrun",97,-3.665573,51.609499,163.605560302734
"431","Maidenhead","Maidenhead parkrun",97,-0.712135,51.51095,27.153226852417
"432","Maidstone","Maidstone parkrun",97,0.507689,51.29641,11.0416717529297
"433","Maldon Prom","Maldon Prom parkrun",97,0.68877,51.726742,11.4919557571411
"434","Mallards Pike","Mallards Pike parkrun",97,-2.528555,51.784666,122.689498901367
"435","Malling","Malling parkrun",97,0.437343,51.31537,0.627094149589539
"436","Manor Field, Whittlesey","Manor Field parkrun, Whittlesey",97,-0.125941,52.551869,4.45955419540405
"437","Mansfield","Mansfield parkrun",97,-1.183844,53.174034,70.0110473632812
"438","March","March parkrun",97,0.086208,52.550069,4.1675591468811
"439","Margate","Margate parkrun",97,1.403997,51.39207,10.1897296905518
"440","Marine Parade","Marine Parade parkrun",97,-2.983828,51.334997,0
"441","Markeaton","Markeaton parkrun",97,-1.504769,52.935408,62.6716423034668
"442","Market Bosworth Country Park","Market Bosworth Country Park parkrun",97,-1.391946,52.623664,131.620727539062
"443","Market Harborough","Market Harborough parkrun",97,-0.924979,52.474487,81.8054046630859
"444","Market Rasen Racecourse","Market Rasen Racecourse parkrun",97,-0.309019,53.380502,30.3050937652588
"445","Markshall Estate","Markshall Estate parkrun",97,0.673757,51.897737,59.701789855957
"446","Marlborough Common","Marlborough Common parkrun",97,-1.732581,51.42448,164.499359130859
"447","Marple","Marple parkrun",97,-2.056509,53.404476,83.1676712036133
"448","Marshall Drive","Marshall Drive parkrun, Brotton",97,-0.947956,54.574096,65.2006149291992
"449","Maryport Prom","Maryport Prom parkrun",97,-3.50107,54.7171,2.38780212402344
"450","Meadowmill","Meadowmill parkrun",97,-2.966242,55.954249,37.9374237060547
"451","Medina I.O.W.","Medina I.O.W. parkrun",97,-1.286999,50.711823,6.0491418838501
"452","Melksham","Melksham parkrun",97,-2.136235,51.377226,37.2193260192871
"453","Melton Mowbray","Melton Mowbray parkrun",97,-0.879068,52.780002,91.9852981567383
"454","Mersea Island","Mersea Island parkrun",97,0.99368,51.79164,9.59989547729492
"455","Merthyr","Merthyr parkrun",97,-3.375658,51.73896,165.771469116211
"456","Middleton Woods","Middleton Woods parkrun",97,-1.557233,53.751892,139.784820556641
"457","Mildenhall Hub","Mildenhall Hub parkrun",97,0.499399,52.342792,8.05957126617432
"458","Mile End","Mile End parkrun",97,-0.033946,51.518169,9.57999610900879
"459","Milford Waterfront","Milford Waterfront parkrun",97,-5.031507,51.710763,18.1009883880615
"460","Millennium Country","Millennium Country parkrun, Forest of Marston Vale",97,-0.534082,52.065265,40.2073593139648
"461","Millfield","Millfield parkrun",97,-1.190864,54.125154,41.0550155639648
"462","Millhouses","Millhouses parkrun",97,-1.505027,53.338516,110.437843322754
"463","Millom","Millom parkrun",97,-3.26996,54.21399,10.2104797363281
"464","Milton Country","Milton Country parkrun",97,0.161906,52.236675,11.8266954421997
"465","Milton Keynes","Milton Keynes parkrun",97,-0.722984,52.05011,59.1199264526367
"466","Minehead","Minehead parkrun",97,-3.469591,51.207524,4.80532789230347
"467","Mole Valley","Mole Valley parkrun",97,-0.330645,51.248259,51.1386756896973
"468","Monsal Trail","Monsal Trail parkrun",97,-1.675286,53.230788,163.613677978516
"469","Montrose","Montrose parkrun",97,-2.455223,56.726297,8.36091232299805
"470","Moors Valley","Moors Valley parkrun",97,-1.849419,50.85124,21.8328247070312
"471","Morecambe Prom","Morecambe Prom parkrun",97,-2.885102,54.065082,4.22359895706177
"472","Mote Park","Mote Park parkrun",97,0.541967,51.269539,21.2701454162598
"473","Mount Edgcumbe","Mount Edgcumbe parkrun",97,-4.175493,50.357664,13.5228700637817
"474","Mount Stuart","Mount Stuart parkrun",97,-5.019453,55.792888,44.5113410949707
"475","Myrtle","Myrtle parkrun",97,-1.838295,53.846344,96.1495361328125
"476","Nant y Pandy","Nant y Pandy parkrun",97,-4.313233,53.257642,26.4531002044678
"477","Netley Abbey","Netley Abbey parkrun",97,-1.334453,50.865345,17.630407333374
"478","New Earswick","New Earswick parkrun",97,-1.077677,53.99025,13.9210653305054
"479","Newark","Newark parkrun",97,-0.81905,53.070031,16.4756603240967
"480","Newbiggin-by-the-Sea","Newbiggin-by-the-Sea parkrun",97,-1.505386,55.185215,0
"481","Newborough Forest","Newborough Forest parkrun",97,-4.386757,53.144163,9.17905616760254
"482","Newbury","Newbury parkrun",97,-1.292267,51.378426,118.335479736328
"483","Newent","Newent parkrun, Forest of Dean",97,-2.410056,51.926515,43.4788970947266
"484","Newport","Newport parkrun",97,-3.030939,51.559479,14.5589590072632
"485","Newtown","Newtown parkrun",97,-3.319012,52.514658,107.938926696777
"486","Nonsuch","Nonsuch parkrun",97,-0.231078,51.356926,44.3407325744629
"487","Normanby Hall","Normanby Hall parkrun",97,-0.659924,53.638407,55.0208549499512
"488","North Walsham","North Walsham parkrun",97,1.391589,52.818216,41.8662071228027
"489","North Yorkshire Water Park","North Yorkshire Water Park parkrun",97,-0.482836,54.227812,22.5094890594482
"490","Northala Fields","Northala Fields parkrun",97,-0.376711,51.541272,37.5963592529297
"491","Northallerton","Northallerton parkrun",97,-1.435519,54.348466,41.4027671813965
"492","Northampton","Northampton parkrun",97,-0.884445,52.248143,93.7953262329102
"493","Northwich","Northwich parkrun",97,-2.510876,53.265511,19.6841487884521
"494","Norwich","Norwich parkrun",97,1.255682,52.620422,33.4189491271973
"495","Nostell","Nostell parkrun",97,-1.381241,53.650212,59.4001121520996
"496","Nova Prestatyn","Nova Prestatyn parkrun",97,-3.414183,53.342126,1.72810959815979
"497","Oak Hill","Oak Hill parkrun",97,-0.153744,51.637718,41.8544616699219
"498","Oaklands","Oaklands parkrun",97,-1.818013,52.466391,127.478561401367
"499","Oakwell Hall","Oakwell Hall parkrun",97,-1.671596,53.739437,123.017959594727
"500","Old Deer Park","Old Deer Park parkrun",97,-0.306973,51.464417,9.25585079193115
"501","Old Railway Trail, Llangollen","Old Railway Trail parkrun, Llangollen",97,-3.160221,52.97016,96.1449127197266
"502","Oldham","Oldham parkrun",97,-2.104118,53.534187,184.361724853516
"503","Omagh","Omagh parkrun",97,-7.296222,54.602837,68.4429244995117
"504","Orangefield","Orangefield parkrun",97,-5.884361,54.588509,10.5763349533081
"505","Oriam","Oriam parkrun",97,-3.31715,55.909754,94.3994598388672
"506","Ormeau","Ormeau parkrun",97,-5.914786,54.588374,4.91678333282471
"507","Ormskirk","Ormskirk parkrun",97,-2.868097,53.559245,69.6220932006836
"508","Orpington","Orpington parkrun",97,0.117224,51.365283,101.229309082031
"509","Osterley","Osterley parkrun",97,-0.349889,51.489403,27.59987449646
"510","Oxford","Oxford parkrun",97,-1.262419,51.790901,69.3478317260742
"511","Palacerigg Country","Palacerigg Country parkrun",97,-3.949289,55.937089,169.633911132812
"512","Panshanger","Panshanger parkrun",97,-0.107589,51.796066,65.6953659057617
"513","Parke","Parke parkrun",97,-3.686562,50.59305,48.748592376709
"514","Pavilion Gardens","Pavilion Gardens parkrun",97,-1.918759,53.254611,304.476135253906
"515","Peacehaven","Peacehaven parkrun",97,0.012418,50.794092,36.2196464538574
"516","Peckham Rye","Peckham Rye parkrun",97,-0.060688,51.455486,32.8590087890625
"517","Peel","Peel parkrun",97,-2.270682,53.48759,30.5136260986328
"518","Pegwell Bay","Pegwell Bay parkrun",97,1.361446,51.320957,5.12395811080933
"519","Penallta","Penallta parkrun",97,-3.245679,51.644889,145.88703918457
"520","Pendle","Pendle parkrun",97,-2.18011,53.863571,198.533386230469
"521","Penistone","Penistone parkrun",97,-1.635407,53.526568,218.576141357422
"522","Pennington Flash","Pennington Flash parkrun",97,-2.542745,53.491608,21.104076385498
"523","Penrhyn","Penrhyn parkrun",97,-4.094495,53.226852,49.629768371582
"524","Penrith","Penrith parkrun",97,-2.720532,54.658026,113.299369812012
"525","Penrose","Penrose parkrun",97,-5.281819,50.096824,10.7319393157959
"526","Penryn Campus","Penryn Campus parkrun",97,-5.124008,50.170244,102.04557800293
"527","Perry Hall","Perry Hall parkrun",97,-1.911825,52.52486,98.5414352416992
"528","Perth","Perth parkrun",97,-3.435422,56.40515,9.87460231781006
"529","Peter Pan","Peter Pan parkrun",97,-0.402181,53.73833,3.75760984420776
"530","Philips Park","Philips Park parkrun",97,-2.192484,53.488346,65.5276947021484
"531","Phoenix","Phoenix parkrun",97,-2.681623,53.337865,31.7416763305664
"532","Plean","Plean parkrun",97,-3.881607,56.057791,64.4598770141602
"533","Plymvalley","Plymvalley parkrun",97,-4.079618,50.409091,17.4841117858887
"534","Pocket","Pocket parkrun",97,-0.275327,52.214797,15.3385028839111
"535","Polkemmet Country","Polkemmet Country parkrun",97,-3.720256,55.866214,181.927841186523
"536","Pollok","Pollok parkrun, Glasgow",97,-4.307882,55.82992,28.8959007263184
"537","Pomphrey Hill","Pomphrey Hill parkrun",97,-2.47805,51.479321,72.9267807006836
"538","Pont y Bala","Pont y Bala parkrun",97,-3.593199,52.912396,165.958755493164
"539","Pontefract","Pontefract parkrun",97,-1.325197,53.697922,38.6704216003418
"540","Pontypool","Pontypool parkrun",97,-3.028573,51.699213,122.814674377441
"541","Pontypridd","Pontypridd parkrun",97,-3.339028,51.602009,58.0207061767578
"542","Poole","Poole parkrun",97,-1.968876,50.720348,5.55504512786865
"543","Poolsbrook","Poolsbrook parkrun",97,-1.348842,53.259118,56.0949745178223
"544","Porthcawl","Porthcawl parkrun",97,-3.705976,51.476331,10.5530796051025
"545","Portobello","Portobello parkrun, Edinburgh",97,-3.122656,55.950689,15.5234394073486
"546","Portrush","Portrush parkrun",97,-6.648788,55.204638,3.52997779846191
"547","Portsmouth Lakeside","Portsmouth Lakeside parkrun",97,-1.08157,50.840654,4.0991382598877
"548","Potternewton","Potternewton parkrun",97,-1.526274,53.818446,59.3924522399902
"549","Preston","Preston parkrun",97,-2.703902,53.751374,8.63467407226562
"550","Preston Park","Preston Park parkrun, Brighton",97,-0.148616,50.841557,33.7380790710449
"551","Princes","Princes parkrun, Liverpool",97,-2.956975,53.386456,49.4722366333008
"552","Prospect","Prospect parkrun",97,-1.00741,51.448386,60.3415641784668
"553","Prudhoe Riverside","Prudhoe Riverside parkrun",97,-1.863141,54.968071,11.674654006958
"554","Pymmes","Pymmes parkrun",97,-0.066953,51.61887,18.2853393554688
"555","Queens, Belfast","Queens parkrun, Belfast",97,-5.963387,54.555092,32.9458694458008
"556","Queens, Glasgow","Queens parkrun, Glasgow",97,-4.270076,55.833509,31.8173179626465
"557","Queen Elizabeth","Queen Elizabeth parkrun",97,-0.978384,50.956372,120.57640838623
"558","Raphael","Raphael parkrun",97,0.19249,51.585798,29.0141143798828
"559","Reading","Reading parkrun",97,-0.941573,51.460384,34.6424331665039
"560","Redcar","Redcar parkrun",97,-1.07902,54.615225,7.94549798965454
"561","Reigate Priory","Reigate Priory parkrun",97,-0.208644,51.23435,75.7746505737305
"562","Rendlesham Forest","Rendlesham Forest parkrun",97,1.428606,52.083267,17.6823844909668
"563","Richmond Park","Richmond parkrun",97,-0.292886,51.451962,43.1447525024414
"564","Rickmansworth","Rickmansworth parkrun",97,-0.47589,51.633087,48.0638885498047
"565","Riddlesdown","Riddlesdown parkrun",97,-0.079549,51.318485,154.968948364258
"566","Rising Sun","Rising Sun parkrun",97,-1.532028,55.01998,66.1244277954102
"567","Riverfront","Riverfront parkrun",97,-2.993317,51.588559,4.41849851608276
"568","Riverside","Riverside parkrun",97,-1.563277,54.853983,10.7928352355957
"569","Roberts Park","Roberts Park parkrun",97,-1.793275,53.841468,71.1890563964844
"570","Roding Valley","Roding Valley parkrun",97,0.066415,51.638607,22.1372909545898
"571","Rogiet","Rogiet parkrun",97,-2.779965,51.583268,7.21218347549438
"572","Rosliston","Rosliston parkrun",97,-1.639681,52.754526,74.6700134277344
"573","Ross-on-Wye","Ross-on-Wye parkrun",97,-2.594417,51.912943,32.1143074035645
"574","Rostrevor","Rostrevor parkrun",97,-6.193448,54.099486,13.287070274353
"575","Rothay Park","Rothay Park parkrun",97,-2.969788,54.431563,47.9392776489258
"576","Rother Valley","Rother Valley parkrun",97,-1.320226,53.341508,37.0158920288086
"577","Rotherham","Rotherham parkrun",97,-1.343218,53.430538,59.8958015441895
"578","Rothwell","Rothwell parkrun",97,-1.473456,53.750032,34.9116058349609
"579","Roundhay","Roundhay parkrun",97,-1.496007,53.83828,108.813835144043
"580","Roundshaw Downs","Roundshaw Downs parkrun",97,-0.11872,51.352253,74.0804290771484
"581","Royal Tunbridge Wells","Royal Tunbridge Wells parkrun",97,0.284851,51.133614,126.083374023438
"582","Ruchill","Ruchill parkrun",97,-4.276162,55.884538,68.7937164306641
"583","Rugby","Rugby parkrun",97,-1.238464,52.37318,116.159317016602
"584","Rushcliffe","Rushcliffe parkrun",97,-1.149104,52.882497,36.9832878112793
"585","Rushmere","Rushmere parkrun",97,-0.674095,51.947057,121.459747314453
"586","Rushmoor","Rushmoor parkrun",97,-0.755847,51.265798,74.4046630859375
"587","Ruthin Memorial Playing Fields","Ruthin Memorial Playing Fields parkrun",97,-3.317265,53.115985,55.4375419616699
"588","Rutland Water","Rutland Water parkrun",97,-0.624447,52.643712,92.2687301635742
"589","Salcey Forest","Salcey Forest parkrun",97,-0.841556,52.159223,137.327621459961
"590","Sale Water","Sale Water parkrun",97,-2.294545,53.429585,27.7044353485107
"591","Salisbury","Salisbury parkrun",97,-1.789858,51.061528,45.2279777526855
"592","Sandall Park","Sandall Park parkrun",97,-1.089474,53.544969,12.3163576126099
"593","Sandhurst Memorial","Sandhurst Memorial parkrun",97,-0.791694,51.343825,58.1685638427734
"594","Sandringham","Sandringham parkrun",97,0.504942,52.829752,48.9146881103516
"595","Sandwell Valley","Sandwell Valley parkrun",97,-1.97579,52.521531,130.29475402832
"596","Sandy Water","Sandy Water parkrun",97,-4.174644,51.680293,4.45356941223145
"597","Scunthorpe","Scunthorpe parkrun",97,-0.656476,53.581755,44.8154182434082
"598","Seaford Beach","Seaford Beach parkrun",97,0.079566,50.778986,3.09636330604553
"599","Seaton","Seaton parkrun",97,-3.072064,50.703349,4.18501758575439
"600","Sedgefield","Sedgefield parkrun",97,-1.466289,54.653008,102.674942016602
"601","Selby","Selby parkrun",97,-1.078398,53.751824,6.88228988647461
"602","Seven Fields","Seven Fields parkrun",97,-1.781711,51.586619,101.888656616211
"603","Severn Bridge","Severn Bridge parkrun",97,-2.664531,51.619014,19.2246646881104
"604","Severn Valley Country","Severn Valley Country parkrun",97,-2.364842,52.453316,61.5632438659668
"605","Sewerby","Sewerby parkrun",97,-0.160761,54.103268,41.2194900512695
"606","Sharpham Estate","Sharpham Estate parkrun",97,-3.682105,50.424904,24.1071643829346
"607","Sharpham Road Playing Fields","Sharpham Road Playing Fields parkrun",97,-2.793181,51.279496,16.1401996612549
"608","Sheffield Castle","Sheffield Castle parkrun",97,-1.436827,53.366782,169.424591064453
"609","Shepton Mallet","Shepton Mallet parkrun",97,-2.542461,51.187513,147.193267822266
"610","Sheringham","Sheringham parkrun",97,1.180601,52.928775,78.4865798950195
"611","Sherwood Pines","Sherwood Pines parkrun",97,-1.084839,53.165828,98.5096130371094
"612","Shipley Country","Shipley Country parkrun",97,-1.359978,53.008339,105.878730773926
"613","Shorne Woods","Shorne Woods parkrun",97,0.418618,51.404426,105.30827331543
"614","Shrewsbury","Shrewsbury parkrun",97,-2.75921,52.706942,63.4069900512695
"615","Silksworth","Silksworth parkrun",97,-1.409099,54.883911,57.1332817077637
"616","Sittingbourne","Sittingbourne parkrun",97,0.740569,51.354976,6.29815578460693
"617","Sixfields Upton","Sixfields Upton parkrun",97,-0.942236,52.228528,65.490104675293
"618","Sixmilewater","Sixmilewater parkrun",97,-5.998945,54.750004,71.4283065795898
"619","Sizewell","Sizewell parkrun",97,1.622193,52.210167,6.13265943527222
"620","Skipton","Skipton parkrun",97,-2.030004,53.961331,117.63793182373
"621","Sloughbottom","Sloughbottom parkrun",97,1.266994,52.647255,12.0881910324097
"622","Snowden Field","Snowden Field parkrun",97,-0.164731,52.673995,5.00010585784912
"623","Soham Village College","Soham Village College parkrun",97,0.338064,52.329737,5.43044948577881
"624","Somerdale Pavilion","Somerdale Pavilion parkrun",97,-2.495689,51.426469,6.13012456893921
"625","South Manchester","South Manchester parkrun",97,-2.224689,53.446072,39.5425796508789
"626","South Norwood","South Norwood parkrun",97,-0.059908,51.396111,39.3036689758301
"627","South Oxhey","South Oxhey parkrun",97,-0.393135,51.631433,69.0758361816406
"628","South Shields","South Shields parkrun",97,-1.408052,54.995687,2.98281621932983
"629","South Woodham Ferrers","South Woodham Ferrers parkrun",97,0.613014,51.631642,3.03705549240112
"630","Southall","Southall parkrun",97,-0.36957,51.509737,33.6434936523438
"631","Southampton","Southampton parkrun",97,-1.407766,50.923624,34.2753448486328
"632","Southend","Southend parkrun",97,0.787526,51.523431,2.3755841255188
"633","Southport","Southport parkrun",97,-2.985341,53.656276,14.8261604309082
"634","Southsea","Southsea parkrun",97,-1.081316,50.778853,2.40548253059387
"635","Southwark","Southwark parkrun",97,-0.053151,51.494242,3.31990361213684
"636","Southwick Country Park","Southwick Country parkrun",97,-2.234092,51.306461,39.0860862731934
"637","Springburn","Springburn parkrun, Glasgow",97,-4.224823,55.889857,108.832443237305
"638","Squerryes Winery","Squerryes Winery parkrun",97,0.08667,51.275986,101.006401062012
"639","St Albans","St Albans parkrun",97,-0.355371,51.75193,91.4970550537109
"640","St Andrews","St Andrews parkrun",97,-2.838234,56.317711,105.02840423584
"641","St Helens","St Helens parkrun",97,-2.744088,53.46322,43.2777481079102
"642","St Marys","St Marys parkrun",97,-2.760744,50.729456,4.86600017547607
"643","Stamford Park","Stamford Park parkrun",97,-2.066163,53.490901,145.426025390625
"644","Stevenage","Stevenage parkrun",97,-0.17993,51.902634,107.492950439453
"645","Stewart","Stewart parkrun, Middlesbrough",97,-1.203561,54.53809,48.5302619934082
"646","Stockley Country","Stockley Country parkrun",97,-0.458739,51.51492,34.3292427062988
"647","Stonehaven","Stonehaven parkrun",97,-2.212502,56.969993,10.0590629577637
"648","Stonehouse","Stonehouse parkrun",97,-2.287804,51.752554,36.8493576049805
"649","Storeys Field","Storeys Field parkrun",97,0.089579,52.219098,24.1414051055908
"650","Stormont","Stormont parkrun",97,-5.837749,54.598318,30.4231605529785
"651","Stratford Park, Stroud","Stratford Park parkrun, Stroud",97,-2.225007,51.74897,61.0929374694824
"652","Stratford-upon-Avon","Stratford-upon-Avon parkrun",97,-1.701445,52.184998,36.3049201965332
"653","Strathclyde","Strathclyde parkrun",97,-4.031425,55.789631,19.7549991607666
"654","Street","Street parkrun",97,-2.729089,51.129515,9.75979995727539
"655","Stretford","Stretford parkrun",97,-2.290281,53.446121,31.003438949585
"656","Sunny Hill","Sunny Hill parkrun",97,-0.229717,51.598193,59.6293258666992
"657","Sutcliffe","Sutcliffe parkrun",97,0.026739,51.454343,21.8997707366943
"658","Sutton Manor","Sutton Manor parkrun",97,-2.726901,53.411392,57.5162200927734
"659","Sutton Park","Sutton Park parkrun",97,-1.867129,52.558505,138.254028320312
"660","Swaffham","Swaffham parkrun",97,0.688461,52.638607,66.1186828613281
"661","Swanley","Swanley parkrun",97,0.17519,51.404175,64.4903793334961
"662","Swansea Bay","Swansea Bay parkrun",97,-3.967061,51.611029,0
"663","Talkin Tarn Country Park","Talkin Tarn Country Park parkrun",97,-2.707392,54.924753,134.378067016602
"664","Tamar Lakes","Tamar Lakes parkrun",97,-4.433418,50.879837,148.031600952148
"665","Tamar Trails","Tamar Trails parkrun",97,-4.201763,50.535163,105.255950927734
"666","Tawd Valley","Tawd Valley parkrun",97,-2.775829,53.550281,60.9644317626953
"667","Teifi Marshes Nature Reserve","Teifi Marshes Nature Reserve parkrun",97,-4.648047,52.073638,8.00938510894775
"668","Teignmouth Promenade","Teignmouth Promenade parkrun",97,-3.494987,50.544428,4.08898115158081
"669","Telford","Telford parkrun",97,-2.447934,52.67123,161.675094604492
"670","Temple Newsam","Temple Newsam parkrun",97,-1.456461,53.784781,65.7056884765625
"671","Tetbury Goods Shed","Tetbury Goods Shed parkrun",97,-2.155818,51.637222,109.26789855957
"672","Tewkesbury","Tewkesbury parkrun",97,-2.159373,51.987666,14.2365036010742
"673","Thames Path, Woolwich","Thames Path parkrun, Woolwich",97,0.076671,51.49615,2.06344938278198
"674","The Cinder Track","The Cinder Track parkrun, Whitby",97,-0.620751,54.4779,31.6298027038574
"675","The Great Field","The Great Field parkrun",97,-2.458095,50.713642,89.608757019043
"676","The Leas","The Leas parkrun, Minster",97,0.80213,51.434038,5.38608932495117
"677","The Old Showfield","The Old Showfield parkrun",97,-2.308238,51.236186,88.4043045043945
"678","The Pastures","The Pastures parkrun",97,-1.705393,55.418455,36.2639427185059
"679","The Wammy","The Wammy parkrun",97,-2.238701,53.017811,123.239555358887
"680","Thetford","Thetford parkrun",97,0.743766,52.4156,13.478609085083
"681","Thomas Mills","Thomas Mills parkrun",97,1.325981,52.228375,50.5950012207031
"682","Thornbury","Thornbury parkrun",97,-2.530114,51.606368,41.3271980285645
"683","Thornham Walks","Thornham Walks parkrun",97,1.077504,52.304311,52.6034240722656
"684","Thurrock","Thurrock parkrun, Orsett Heath",97,0.363436,51.491427,28.9384784698486
"685","Thurso","Thurso parkrun",97,-3.521554,58.589573,5.35419464111328
"686","Tidworth","Tidworth parkrun",97,-1.667571,51.224947,104.467475891113
"687","Tilgate","Tilgate parkrun",97,-0.175623,51.097,90.7054214477539
"688","Tollcross","Tollcross parkrun, Glasgow",97,-4.179461,55.847494,27.1990642547607
"689","Tonbridge","Tonbridge parkrun",97,0.270174,51.197605,21.7570247650146
"690","Tooting Common","Tooting Common parkrun",97,-0.14677,51.433342,29.8940811157227
"691","Torbay Velopark","Torbay Velopark parkrun",97,-3.564297,50.423441,3.99873566627502
"692","Torvean","Torvean parkrun",97,-4.24886,57.462669,20.2751350402832
"693","Town Moor","Town Moor parkrun",97,-1.617143,54.988451,63.3881072998047
"694","Trelai Park","Trelai Park parkrun",97,-3.232766,51.478969,12.9954843521118
"695","Trelissick","Trelissick parkrun",97,-5.02826,50.217331,14.0152769088745
"696","Tremorfa","Tremorfa parkrun",97,-3.132727,51.486237,7.85434532165527
"697","Trentham Gardens","Trentham Gardens parkrun",97,-2.199424,52.963874,98.6005554199219
"698","Troon","Troon parkrun",97,-4.670058,55.541413,3.55282306671143
"699","Tyne Green","Tyne Green parkrun",97,-2.101526,54.977878,36.2993354797363
"700","Uckfield","Uckfield parkrun",97,0.11306,50.977857,24.6581382751465
"701","University Parks","University Parks parkrun",97,-1.251068,51.761468,61.5565223693848
"702","University of Northampton","University of Northampton parkrun",97,-0.886741,52.230017,61.7328491210938
"703","University of Stirling","University of Stirling parkrun",97,-3.924236,56.147334,26.7679996490479
"704","Upton Court","Upton Court parkrun",97,-0.577525,51.49616,19.6425762176514
"705","Upton House","Upton House parkrun",97,-2.013428,50.734891,14.1548633575439
"706","Ury Riverside","Ury Riverside parkrun",97,-2.372062,57.291953,54.0913581848145
"707","Valentines","Valentines parkrun",97,0.07198,51.56749,14.4006509780884
"708","Valley","Valley parkrun, Newtownabbey",97,-5.928342,54.659949,39.802848815918
"709","Victoria","Victoria parkrun, Glasgow",97,-4.332347,55.877504,13.4903059005737
"710","Victoria Dock","Victoria Dock parkrun",97,0.018775,51.505363,4.05408430099487
"711","Vogrie","Vogrie parkrun",97,-2.995012,55.856879,179.806243896484
"712","Wakefield Thornes","Wakefield Thornes parkrun",97,-1.509682,53.672488,50.4173965454102
"713","Wallace","Wallace parkrun, Lisburn",97,-6.036816,54.516511,50.2697219848633
"714","Wallaceneuk","Wallaceneuk parkrun",97,-2.448162,55.585864,84.8106689453125
"715","Walmer and Deal Seafront","Walmer and Deal Seafront parkrun",97,1.403179,51.2095,7.48149394989014
"716","Walsall Arboretum","Walsall Arboretum parkrun",97,-1.966252,52.58725,133.731964111328
"717","Walthamstow","Walthamstow parkrun",97,-0.007854,51.602666,16.4608821868896
"718","Wanstead Flats","Wanstead Flats parkrun",97,0.014977,51.56078,20.0337429046631
"719","Warrington","Warrington parkrun",97,-2.574685,53.384221,8.88847351074219
"720","Warwick Racecourse","Warwick Racecourse parkrun",97,-1.595954,52.280789,54.0312728881836
"721","Watergrove","Watergrove parkrun, Rochdale",97,-2.131777,53.657034,233.739395141602
"722","Watermead Country Park","Watermead Country Park parkrun",97,-1.103213,52.690658,51.481330871582
"723","Watermeadows","Watermeadows parkrun",97,-0.988391,52.13458,93.9319229125977
"724","Waterworks","Waterworks parkrun, Belfast",97,-5.942613,54.619299,30.6919555664062
"725","Wendover Woods","Wendover Woods parkrun",97,-0.716782,51.76894,258.851379394531
"726","Wepre","Wepre parkrun",97,-3.056846,53.205552,40.3724174499512
"727","West Links","West Links parkrun",97,-2.602859,56.551299,0
"728","Westmill","Westmill parkrun",97,-0.060813,51.821422,53.3643798828125
"729","Wetherby","Wetherby parkrun",97,-1.392197,53.925673,18.3731117248535
"730","Weymouth","Weymouth parkrun",97,-2.447795,50.625242,3.72821259498596
"731","Whinlatter Forest","Whinlatter Forest parkrun",97,-3.22446,54.610017,314.785583496094
"732","Whitehaven","Whitehaven parkrun",97,-3.573636,54.524733,20.6876087188721
"733","Whiteley","Whiteley parkrun",97,-1.250819,50.884669,19.6289234161377
"734","Whitley Bay","Whitley Bay parkrun",97,-1.448736,55.048875,12.8652124404907
"735","Whitstable","Whitstable parkrun",97,1.041942,51.365295,0
"736","Wickford Memorial","Wickford Memorial parkrun",97,0.535186,51.619452,6.21232175827026
"737","Widnes","Widnes parkrun",97,-2.730069,53.374508,33.9161529541016
"738","Wilmslow","Wilmslow parkrun",97,-2.231588,53.331288,67.8531188964844
"739","Wimbledon Common","Wimbledon Common parkrun",97,-0.232215,51.442078,56.0363922119141
"740","Wimpole Estate","Wimpole Estate parkrun",97,-0.047207,52.140442,43.4089126586914
"741","Winchester","Winchester parkrun",97,-1.310849,51.069286,39.8602180480957
"742","Windy Nook","Windy Nook parkrun",97,-1.563025,54.940189,112.270378112793
"743","Witney","Witney parkrun",97,-1.513356,51.789974,106.496406555176
"744","Witton","Witton parkrun",97,-2.517211,53.74055,103.953491210938
"745","Woking","Woking parkrun",97,-0.556204,51.311708,28.1615104675293
"746","Wolford Wood","Wolford Wood parkrun",97,-1.655677,51.995091,135.551422119141
"747","Wollaton Hall","Wollaton Hall parkrun",97,-1.211018,52.951893,48.4217376708984
"748","Wolverhampton","Wolverhampton parkrun",97,-2.140875,52.588775,132.754180908203
"749","Woodbank","Woodbank parkrun",97,-2.130945,53.408405,89.2197875976562
"750","Woodgate Valley Country Park","Woodgate Valley Country Park parkrun",97,-2.005952,52.449447,172.102691650391
"751","Woodhouse Moor","Woodhouse Moor parkrun",97,-1.560059,53.808582,89.5690078735352
"752","Woodley","Woodley parkrun",97,-0.903669,51.45418,53.6898231506348
"753","Woolacombe Dunes","Woolacombe Dunes parkrun",97,-4.209982,51.159264,43.8814392089844
"754","Worcester","Worcester parkrun",97,-2.178726,52.186989,66.7858276367188
"755","Worcester Pitchcroft","Worcester Pitchcroft parkrun",97,-2.231964,52.201513,15.0814075469971
"756","Workington","Workington parkrun",97,-3.539767,54.647169,6.71999979019165
"757","Wormwood Scrubs","Wormwood Scrubs parkrun",97,-0.238523,51.520412,17.6297397613525
"758","Worsley Woods","Worsley Woods parkrun",97,-2.359056,53.494328,29.8761119842529
"759","Worthing","Worthing parkrun",97,-0.3645,50.810312,3.45678448677063
"760","Wotton","Wotton parkrun",97,-2.368786,51.633149,43.1603813171387
"761","Wycombe Rye","Wycombe Rye parkrun",97,-0.74009,51.62337,67.9644927978516
"762","Wynyard Woodland","Wynyard Woodland parkrun",97,-1.378363,54.612497,51.6632614135742
"763","Wyre Forest","Wyre Forest parkrun",97,-2.369798,52.365002,158.594741821289
"764","Wythenshawe","Wythenshawe parkrun",97,-2.288139,53.405502,38.3617172241211
"765","Yarborough Leisure Centre","Yarborough Leisure Centre parkrun",97,-0.542854,53.247281,64.2588272094727
"766","York","York parkrun",97,-1.101379,53.935375,11.3012924194336
